description,category
POS BookMyShow MUMBAI,Entertainment
Jio ONLINE PAYMENT,Utilities
Myntra ONLINE PAYMENT,Shopping
NEFT - Tata Sky,Utilities
POS Pharmeasy MUMBAI,Health & Fitness
POS Accenture MUMBAI,Salary
NEFT - Spotify,Entertainment
Tech Mahindra ONLINE PAYMENT,Salary
NEFT - Zomato,Food & Drink
UPI/Tech Mahindra/HDFC,Salary
NEFT - Dominos,Food & Drink
UPI/Water Bill/HDFC,Utilities
Apartment Maintenance ONLINE PAYMENT,Rent
UPI/LIC Premium/HDFC,Investment
POS House Rent MUMBAI,Rent
POS Apollo Pharmacy MUMBAI,Health & Fitness
NEFT - Steam,Entertainment
POS Tech Mahindra MUMBAI,Salary
POS Mutual Fund SIP MUMBAI,Investment
NEFT - Cult Fit,Health & Fitness
AUTO DEBIT MakeMyTrip,Travel
Steam ONLINE PAYMENT,Entertainment
POS Apartment Maintenance MUMBAI,Rent
AUTO DEBIT Salary TCS,Salary
Landlord Payment ONLINE PAYMENT,Rent
UPI/Accenture/HDFC,Salary
Mutual Fund SIP ONLINE PAYMENT,Investment
NEFT - Wipro Salary,Salary
UPI/Myntra/HDFC,Shopping
AUTO DEBIT Netflix,Entertainment
AUTO DEBIT Prime Video,Entertainment
Petrol Pump ONLINE PAYMENT,Travel
POS Myntra MUMBAI,Shopping
POS Cafe Coffee Day MUMBAI,Food & Drink
POS LIC Premium MUMBAI,Investment
NEFT - Electricity Bill,Utilities
NEFT - Uber,Travel
AUTO DEBIT Cafe Coffee Day,Food & Drink
Zerodha ONLINE PAYMENT,Investment
AUTO DEBIT House Rent,Rent
House Rent ONLINE PAYMENT,Rent
POS Dominos MUMBAI,Food & Drink
PVR Cinemas ONLINE PAYMENT,Entertainment
Apollo Pharmacy ONLINE PAYMENT,Health & Fitness
NEFT - Gas,Utilities
POS Indigo MUMBAI,Travel
Reliance Digital ONLINE PAYMENT,Shopping
UPI/Landlord Payment/HDFC,Rent
UPI/Cult Fit/HDFC,Health & Fitness
POS Gas MUMBAI,Utilities
AUTO DEBIT Metro Recharge,Travel
AUTO DEBIT Accenture,Salary
AUTO DEBIT Pharmeasy,Health & Fitness
POS Starbucks MUMBAI,Food & Drink
POS Tata Sky MUMBAI,Utilities
AUTO DEBIT McDonalds,Food & Drink
POS Zara MUMBAI,Shopping
Infosys Payroll ONLINE PAYMENT,Salary
Ola ONLINE PAYMENT,Travel
UPI/Wipro Salary/HDFC,Salary
NEFT - Tech Mahindra,Salary
UPI/Hostel Fee/HDFC,Rent
POS Wipro Salary MUMBAI,Salary
NEFT - Zara,Shopping
POS BigBasket MUMBAI,Shopping
NEFT - Broadband,Utilities
UPI/Broadband/HDFC,Utilities
POS Jio MUMBAI,Utilities
Starbucks ONLINE PAYMENT,Food & Drink
NEFT - IRCTC,Travel
UPI/IRCTC/HDFC,Travel
UPI/Apollo Pharmacy/HDFC,Health & Fitness
NEFT - Amazon,Shopping
UPI/Apartment Maintenance/HDFC,Rent
NEFT - Apartment Maintenance,Rent
UPI/DMart/HDFC,Shopping
UPI/Zara/HDFC,Shopping
NEFT - Starbucks,Food & Drink
NEFT - Hospital,Health & Fitness
UPI/Prime Video/HDFC,Entertainment
AUTO DEBIT Gym Membership,Health & Fitness
Indigo ONLINE PAYMENT,Travel
POS Ola MUMBAI,Travel
POS Electricity Bill MUMBAI,Utilities
NEFT - Salary TCS,Salary
Broadband ONLINE PAYMENT,Utilities
NEFT - Metro Recharge,Travel
Gym Membership ONLINE PAYMENT,Health & Fitness
UPI/Ola/HDFC,Travel
POS Cult Fit MUMBAI,Health & Fitness
UPI/Steam/HDFC,Entertainment
NEFT - Pharmeasy,Health & Fitness
NEFT - LIC Premium,Investment
McDonalds ONLINE PAYMENT,Food & Drink
NEFT - Accenture,Salary
NEFT - Airtel,Utilities
POS Swiggy MUMBAI,Food & Drink
POS Zerodha MUMBAI,Investment
Accenture ONLINE PAYMENT,Salary
AUTO DEBIT Zara,Shopping
NEFT - Groww,Investment
AUTO DEBIT Landlord Payment,Rent
POS Salary TCS MUMBAI,Salary
Water Bill ONLINE PAYMENT,Utilities
POS KFC MUMBAI,Food & Drink
UPI/Hospital/HDFC,Health & Fitness
AUTO DEBIT HDFC Securities,Investment
NEFT - Prime Video,Entertainment
AUTO DEBIT Myntra,Shopping
UPI/BigBasket/HDFC,Shopping
POS Netflix MUMBAI,Entertainment
UPI/Salary TCS/HDFC,Salary
AUTO DEBIT Water Bill,Utilities
UPI/Zomato/HDFC,Food & Drink
Cult Fit ONLINE PAYMENT,Health & Fitness
Salary TCS ONLINE PAYMENT,Salary
AUTO DEBIT LIC Premium,Investment
POS Infosys Payroll MUMBAI,Salary
Hospital ONLINE PAYMENT,Health & Fitness
AUTO DEBIT Hostel Fee,Rent
UPI/Uber/HDFC,Travel
UPI/Pharmeasy/HDFC,Health & Fitness
AUTO DEBIT Dominos,Food & Drink
UPI/Indigo/HDFC,Travel
POS Airtel MUMBAI,Utilities
AUTO DEBIT Tata Sky,Utilities
AUTO DEBIT Wipro Salary,Salary
UPI/House Rent/HDFC,Rent
Groww ONLINE PAYMENT,Investment
NEFT - Infosys Payroll,Salary
AUTO DEBIT Infosys Payroll,Salary
AUTO DEBIT Gas,Utilities
POS Hostel Fee MUMBAI,Rent
UPI/Metro Recharge/HDFC,Travel
POS Zomato MUMBAI,Food & Drink
POS Hospital MUMBAI,Health & Fitness
POS DMart MUMBAI,Shopping
Hostel Fee ONLINE PAYMENT,Rent
AUTO DEBIT Steam,Entertainment
UPI/Tata Sky/HDFC,Utilities
POS HDFC Securities MUMBAI,Investment
AUTO DEBIT Tech Mahindra,Salary
NEFT - Landlord Payment,Rent
POS Flipkart MUMBAI,Shopping
Cafe Coffee Day ONLINE PAYMENT,Food & Drink
AUTO DEBIT Jio,Utilities
POS Landlord Payment MUMBAI,Rent
NEFT - HDFC Securities,Investment
AUTO DEBIT Apartment Maintenance,Rent
NEFT - Water Bill,Utilities
Netflix ONLINE PAYMENT,Entertainment
NEFT - Reliance Digital,Shopping
NEFT - Jio,Utilities
UPI/Jio/HDFC,Utilities
POS Reliance Digital MUMBAI,Shopping
NEFT - BookMyShow,Entertainment
NEFT - Netflix,Entertainment
UPI/Infosys Payroll/HDFC,Salary
POS MakeMyTrip MUMBAI,Travel
AUTO DEBIT Spotify,Entertainment
UPI/Gym Membership/HDFC,Health & Fitness
Swiggy ONLINE PAYMENT,Food & Drink
BookMyShow ONLINE PAYMENT,Entertainment
NEFT - Apollo Pharmacy,Health & Fitness
POS Steam MUMBAI,Entertainment
AUTO DEBIT Broadband,Utilities
Gas ONLINE PAYMENT,Utilities
AUTO DEBIT Electricity Bill,Utilities
UPI/Mutual Fund SIP/HDFC,Investment
AUTO DEBIT DMart,Shopping
NEFT - Flipkart,Shopping
UPI/Swiggy/HDFC,Food & Drink
AUTO DEBIT KFC,Food & Drink
NEFT - PVR Cinemas,Entertainment
UPI/Spotify/HDFC,Entertainment
POS Prime Video MUMBAI,Entertainment
AUTO DEBIT Reliance Digital,Shopping
AUTO DEBIT IRCTC,Travel
UPI/KFC/HDFC,Food & Drink
NEFT - Hostel Fee,Rent
AUTO DEBIT Apollo Pharmacy,Health & Fitness
POS Groww MUMBAI,Investment
POS Gym Membership MUMBAI,Health & Fitness
Airtel ONLINE PAYMENT,Utilities
UPI/McDonalds/HDFC,Food & Drink
NEFT - Swiggy,Food & Drink
POS Water Bill MUMBAI,Utilities
AUTO DEBIT Mutual Fund SIP,Investment
AUTO DEBIT PVR Cinemas,Entertainment
Zomato ONLINE PAYMENT,Food & Drink
UPI/Flipkart/HDFC,Shopping
UPI/Amazon/HDFC,Shopping
POS Petrol Pump MUMBAI,Travel
Electricity Bill ONLINE PAYMENT,Utilities
AUTO DEBIT Ola,Travel
Dominos ONLINE PAYMENT,Food & Drink
AUTO DEBIT Amazon,Shopping
BigBasket ONLINE PAYMENT,Shopping
Pharmeasy ONLINE PAYMENT,Health & Fitness
UPI/Groww/HDFC,Investment
NEFT - Gym Membership,Health & Fitness
Uber ONLINE PAYMENT,Travel
AUTO DEBIT Groww,Investment
AUTO DEBIT Petrol Pump,Travel
NEFT - Zerodha,Investment
UPI/Starbucks/HDFC,Food & Drink
NEFT - MakeMyTrip,Travel
AUTO DEBIT Starbucks,Food & Drink
Wipro Salary ONLINE PAYMENT,Salary
POS Uber MUMBAI,Travel
UPI/Electricity Bill/HDFC,Utilities
NEFT - Indigo,Travel
UPI/MakeMyTrip/HDFC,Travel
UPI/Airtel/HDFC,Utilities
NEFT - KFC,Food & Drink
POS PVR Cinemas MUMBAI,Entertainment
Amazon ONLINE PAYMENT,Shopping
POS Broadband MUMBAI,Utilities
Zara ONLINE PAYMENT,Shopping
DMart ONLINE PAYMENT,Shopping
NEFT - McDonalds,Food & Drink
IRCTC ONLINE PAYMENT,Travel
NEFT - Petrol Pump,Travel
UPI/Petrol Pump/HDFC,Travel
AUTO DEBIT Swiggy,Food & Drink
POS McDonalds MUMBAI,Food & Drink
POS Metro Recharge MUMBAI,Travel
NEFT - Cafe Coffee Day,Food & Drink
AUTO DEBIT Flipkart,Shopping
NEFT - Mutual Fund SIP,Investment
HDFC Securities ONLINE PAYMENT,Investment
Prime Video ONLINE PAYMENT,Entertainment
POS Amazon MUMBAI,Shopping
AUTO DEBIT Cult Fit,Health & Fitness
NEFT - Ola,Travel
LIC Premium ONLINE PAYMENT,Investment
UPI/HDFC Securities/HDFC,Investment
AUTO DEBIT Zomato,Food & Drink
AUTO DEBIT Airtel,Utilities
KFC ONLINE PAYMENT,Food & Drink
POS IRCTC MUMBAI,Travel
Spotify ONLINE PAYMENT,Entertainment
UPI/Zerodha/HDFC,Investment
AUTO DEBIT Uber,Travel
AUTO DEBIT Indigo,Travel
AUTO DEBIT BookMyShow,Entertainment
Tata Sky ONLINE PAYMENT,Utilities
Metro Recharge ONLINE PAYMENT,Travel
NEFT - Myntra,Shopping
UPI/Gas/HDFC,Utilities
AUTO DEBIT Zerodha,Investment
UPI/Cafe Coffee Day/HDFC,Food & Drink
MakeMyTrip ONLINE PAYMENT,Travel
UPI/PVR Cinemas/HDFC,Entertainment
NEFT - House Rent,Rent
UPI/Dominos/HDFC,Food & Drink
UPI/BookMyShow/HDFC,Entertainment
POS Spotify MUMBAI,Entertainment
UPI/Security Deposit/AXIS,Rent
UPI/Angel Broking/CANARA,Investment
Zoho Corporation ONLINE PAYMENT,Salary
UPI/BSES Bill/CANARA,Utilities
BSNL ONLINE PAYMENT,Utilities
UPI/Maintenance Charge/CANARA,Rent
UPI/Apartment Rent/AXIS,Rent
UPI/Paytm Money SIP/FEDERAL,Investment
UPI/PG Rent/AXIS,Rent
Nykaa ONLINE PAYMENT,Shopping
POS Starbucks LUCKNOW,Food & Drink
POS Saravana Bhavan INDORE,Food & Drink
UPI/Fitness First/BOB,Health & Fitness
NACH SIP Investment,Investment
UPI/TPDDL Bill/FEDERAL,Utilities
HCL Technologies ONLINE PAYMENT,Salary
UPI/Mutual Fund SIP/SBI,Investment
UPI/Studio Rent/CANARA,Rent
POS Haldirams JAIPUR,Food & Drink
POS Saravana Bhavan CHENNAI,Food & Drink
UPI/Indane Gas/KOTAK,Utilities
UPI/Swiggy/PNB,Food & Drink
POS McDonald's PUNE,Food & Drink
POS Chai Point GURGAON,Food & Drink
UPI/ixigo/KOTAK,Travel
POS Thyrocare HYDERABAD,Health & Fitness
Myntra Salary ONLINE PAYMENT,Salary
Cognizant ONLINE PAYMENT,Salary
POS Paradise Biryani LUCKNOW,Food & Drink
AUTO DEBIT Groww SIP,Investment
Sony LIV ONLINE PAYMENT,Entertainment
NACH RD Installment,Investment
BigBasket Now ONLINE PAYMENT,Food & Drink
UPI/Netflix/YES,Entertainment
UPI/Ludo King Premium/CANARA,Entertainment
Paytm Salary ONLINE PAYMENT,Salary
POS Max Hospital LUCKNOW,Health & Fitness
POS BookMyShow KOLKATA,Entertainment
POS Westside DELHI,Shopping
NACH Housing Loan EMI,Rent
UPI/Groww/SBI,Investment
PhonePe ONLINE PAYMENT,Salary
Meesho Salary ONLINE PAYMENT,Salary
UPI/Path Lab/ICICI,Health & Fitness
Vi Vodafone ONLINE PAYMENT,Utilities
The Man Company ONLINE PAYMENT,Shopping
UPI/BPCL Fuel/PNB,Travel
NEFT - Rent May,Rent
UPI/BSES Bill/KOTAK,Utilities
IMPS/Rent Payment/YES,Rent
NEFT - Monthly Rent,Rent
UPI/BESCOM Bill/BOB,Utilities
UPI/Groww/YES,Investment
UPI/Zomato/AXIS,Food & Drink
Oziva ONLINE PAYMENT,Health & Fitness
POS Barbeque Nation HYDERABAD,Food & Drink
AUTO DEBIT Audible,Entertainment
POS Chai Point BENGALURU,Food & Drink
Wipro ONLINE PAYMENT,Salary
POS BookMyShow SURAT,Entertainment
UPI/Ajio/SBI,Shopping
UPI/OYO Rooms/YES,Travel
PharmEasy ONLINE PAYMENT,Health & Fitness
POS Reliance Digital GURGAON,Shopping
UPI/PharmEasy/ICICI,Health & Fitness
POS Nykaa AHMEDABAD,Shopping
UPI/Myntra/ICICI,Shopping
UPI/Yoga Class/CANARA,Health & Fitness
IMPS/Rent Payment/ICICI,Rent
NEFT - Rent Oct,Rent
AUTO DEBIT Airtel Postpaid,Utilities
POS PVR Cinemas BENGALURU,Entertainment
UPI/Upstox/PNB,Investment
UPI/BookMyShow/FEDERAL,Entertainment
NACH PPF Deposit,Investment
UPI/Ajio/BOB,Shopping
UPI/Jio Recharge/PNB,Utilities
UPI/ChaatWala/FEDERAL,Food & Drink
UPI/Zerodha/BOB,Investment
POS McDonald's SURAT,Food & Drink
UPI/Indane Gas/HDFC,Utilities
Upstox ONLINE PAYMENT,Investment
UPI/Society Maintenance/CANARA,Utilities
UPI/FastTag Toll/PNB,Travel
Swiggy Salary ONLINE PAYMENT,Salary
Akasa Air ONLINE PAYMENT,Travel
POS Fassos PUNE,Food & Drink
UPI/Mutual Fund SIP/YES,Investment
NACH Home Loan ICICI,Rent
Gaana Plus ONLINE PAYMENT,Entertainment
Vistara Airlines ONLINE PAYMENT,Travel
Capgemini ONLINE PAYMENT,Salary
UPI/TCS/HDFC,Salary
EY India ONLINE PAYMENT,Salary
UPI/PharmEasy/SBI,Health & Fitness
AUTO DEBIT JioCinema,Entertainment
Tata Consultancy Services ONLINE PAYMENT,Salary
HealthifyMe ONLINE PAYMENT,Health & Fitness
ET Money SIP ONLINE PAYMENT,Investment
UPI/Path Lab/PNB,Health & Fitness
AUTO DEBIT ZEE5,Entertainment
Goibibo ONLINE PAYMENT,Travel
POS Adidas KOLKATA,Shopping
UPI/Apartment Rent/YES,Rent
AUTO DEBIT YouTube Premium,Entertainment
POS Adidas INDORE,Shopping
Ola Salary ONLINE PAYMENT,Salary
UPI/Hostel Rent/AXIS,Rent
UPI/YouTube Premium/BOB,Entertainment
UPI/Dunzo/PNB,Food & Drink
UPI/House Rent/CANARA,Rent
UPI/Ajio/KOTAK,Shopping
UPI/FastTag Toll/YES,Travel
Tata CLiQ ONLINE PAYMENT,Shopping
POS Barbeque Nation INDORE,Food & Drink
Bewakoof ONLINE PAYMENT,Shopping
POS Cafe Coffee Day HYDERABAD,Food & Drink
NEFT - Ola Cabs,Travel
POS Parking Fee AHMEDABAD,Travel
NEFT - IndiGo Airlines,Travel
UPI/Navi MF/KOTAK,Investment
POS Starbucks BHOPAL,Food & Drink
UPI/Gold's Gym/HDFC,Health & Fitness
POS Westside PUNE,Shopping
POS Zara KOLKATA,Shopping
UPI/PharmEasy/KOTAK,Health & Fitness
POS Decathlon GURGAON,Shopping
UPI/House Rent/KOTAK,Rent
UPI/BSNL Recharge/BOB,Utilities
Amazon India ONLINE PAYMENT,Salary
POS Medplus AHMEDABAD,Health & Fitness
UPI/Snapdeal/PNB,Shopping
POS MTR Restaurant KOLKATA,Food & Drink
UPI/Zomato/PNB,Food & Drink
UPI/Canteen/ICICI,Food & Drink
UPI/PPF Contribution/PNB,Investment
UPI/Path Lab/CANARA,Health & Fitness
MyFitnessPal Premium ONLINE PAYMENT,Health & Fitness
AUTO DEBIT Amazon Prime Video,Entertainment
POS Spencer's HYDERABAD,Shopping
INDmoney SIP ONLINE PAYMENT,Investment
UPI/Groww/BOB,Investment
POS Honest Restaurant DELHI,Food & Drink
POS Chai Point SURAT,Food & Drink
UPI/HPCL Petrol Pump/YES,Travel
UPI/OYO Life Rent/FEDERAL,Rent
UPI/Zostel/BOB,Travel
NEFT - Hotstar,Entertainment
UPI/Piped Gas MGL/CANARA,Utilities
UPI/Water Bill/AXIS,Utilities
POS MTR Restaurant INDORE,Food & Drink
POS INOX Movies AHMEDABAD,Entertainment
AUTO DEBIT Apple Music,Entertainment
UPI/Kuvera MF/BOB,Investment
CoLive ONLINE PAYMENT,Rent
Redcliffe Labs ONLINE PAYMENT,Health & Fitness
UPI/Vi Recharge/ICICI,Utilities
POS Chaayos KOLKATA,Food & Drink
Practo ONLINE PAYMENT,Health & Fitness
NACH NPS Contribution,Investment
POS Apple Store MUMBAI,Shopping
UPI/Myntra/FEDERAL,Shopping
UPI/Maintenance Charge/KOTAK,Rent
POS PVR Cinemas JAIPUR,Entertainment
POS Escape Room JAIPUR,Entertainment
AUTO DEBIT Gold Bond SIP,Investment
Flipkart ONLINE PAYMENT,Shopping
UPI/Bharat Gas/CANARA,Utilities
NEFT - Amazon Prime,Entertainment
POS Manipal Hospital BENGALURU,Health & Fitness
POS Netmeds HYDERABAD,Health & Fitness
POS Max Hospital GURGAON,Health & Fitness
UPI/IRCTC/KOTAK,Travel
AUTO DEBIT Zomato Gold,Food & Drink
Meesho ONLINE PAYMENT,Shopping
UPI/Groww/FEDERAL,Investment
POS Bowling Alley NOIDA,Entertainment
BYJU's ONLINE PAYMENT,Salary
NEFT - Landlord Transfer,Rent
AUTO DEBIT Cleartrip,Travel
UPI/TPDDL Bill/BOB,Utilities
Coin Zerodha MF ONLINE PAYMENT,Investment
UPI/FastTag Toll/CANARA,Travel
IBM India ONLINE PAYMENT,Salary
UPI/Doctor Consultation/YES,Health & Fitness
UPI/Studio Rent/ICICI,Rent
Freshworks ONLINE PAYMENT,Salary
UPI/Stanza Living/ICICI,Rent
UPI/MFine/CANARA,Health & Fitness
UPI/MakeMyTrip/ICICI,Travel
Zomato Salary ONLINE PAYMENT,Salary
UPI/FastTag Toll/HDFC,Travel
POS Thyrocare AHMEDABAD,Health & Fitness
UPI/PPF Contribution/CANARA,Investment
Deloitte India ONLINE PAYMENT,Salary
Tata Play ONLINE PAYMENT,Utilities
UPI/Yoga Class/HDFC,Health & Fitness
Stanza Living ONLINE PAYMENT,Rent
Flipkart India ONLINE PAYMENT,Salary
UPI/Amazon/AXIS,Shopping
POS Taj Hotels INDORE,Travel
POS Naturals Ice Cream GURGAON,Food & Drink
POS Wow Momo KOLKATA,Food & Drink
Zepto ONLINE PAYMENT,Food & Drink
POS Pizza Hut BENGALURU,Food & Drink
KPMG India ONLINE PAYMENT,Salary
UPI/Accenture/FEDERAL,Salary
UPI/Hostel Rent/CANARA,Rent
POS Naturals Ice Cream HYDERABAD,Food & Drink
UPI/Moj Premium/HDFC,Entertainment
UPI/Fixed Deposit/SBI,Investment
POS Adidas NOIDA,Shopping
UPI/PharmEasy/BOB,Health & Fitness
UPI/IRCTC/AXIS,Travel
POS Amazon NOIDA,Shopping
UPI/Jio Recharge/HDFC,Utilities
UPI/Meesho/BOB,Shopping
POS BookMyShow INDORE,Entertainment
AUTO DEBIT ELSS SIP,Investment
POS Croma PUNE,Shopping
UPI/Steam Games/AXIS,Entertainment
UPI/MFine/ICICI,Health & Fitness
POS BookMyShow CHENNAI,Entertainment
UPI/TiffinWala/ICICI,Food & Drink
UPI/OYO Life Rent/ICICI,Rent
POS Escape Room AHMEDABAD,Entertainment
POS Medplus BENGALURU,Health & Fitness
AUTO DEBIT Broadband Bill,Utilities
NEFT - Blinkit Food,Food & Drink
AUTO DEBIT ACT Fibernet,Utilities
UPI/Airtel Recharge/SBI,Utilities
AUTO DEBIT Jio Postpaid,Utilities
Air India ONLINE PAYMENT,Travel
UPI/Netflix/FEDERAL,Entertainment
POS Apollo Hospital PUNE,Health & Fitness
UPI/Netflix/AXIS,Entertainment
NEFT - Cure Fit,Health & Fitness
UPI/Airtel Xstream Fiber/BOB,Utilities
POS Amazon CHENNAI,Shopping
UPI/FoodStall/PNB,Food & Drink
UPI/PVR Cinemas/FEDERAL,Entertainment
Angel One ONLINE PAYMENT,Investment
POS Uniqlo BENGALURU,Shopping
AUTO DEBIT FastTag NHAI,Travel
POS Nike BHOPAL,Shopping
UPI/OYO Life Rent/CANARA,Rent
UPI/LIC Premium/CANARA,Investment
POS Keventers LUCKNOW,Food & Drink
UPI/Groww/KOTAK,Investment
POS Westside LUCKNOW,Shopping
UPI/Navi MF/HDFC,Investment
Apartment Rent ONLINE PAYMENT,Rent
UPI/RedBus/YES,Travel
UPI/CrossFit/AXIS,Health & Fitness
UPI/Groww/PNB,Investment
UPI/Vi Recharge/CANARA,Utilities
UPI/IRCTC/BOB,Travel
UPI/MSEDCL Bill/BOB,Utilities
UPI/Indane Gas/SBI,Utilities
UPI/Water Bill/CANARA,Utilities
UPI/Meesho/SBI,Shopping
UPI/Goibibo/HDFC,Travel
AUTO DEBIT Sony LIV,Entertainment
UPI/Co-living Rent/AXIS,Rent
POS Fassos DELHI,Food & Drink
UPI/Society Fee/YES,Rent
UPI/MakeMyTrip/AXIS,Travel
POS Nike LUCKNOW,Shopping
Ajio ONLINE PAYMENT,Shopping
Lybrate ONLINE PAYMENT,Health & Fitness
ZEE5 ONLINE PAYMENT,Entertainment
SpiceJet ONLINE PAYMENT,Travel
UPI/Piped Gas MGL/ICICI,Utilities
Infosys ONLINE PAYMENT,Salary
UPI/BSNL Recharge/AXIS,Utilities
UPI/Canteen/CANARA,Food & Drink
POS Myntra BENGALURU,Shopping
NACH Sukanya Samriddhi,Investment
UPI/Fixed Deposit/PNB,Investment
UPI/LIC Premium/PNB,Investment
POS Burger King AHMEDABAD,Food & Drink
UPI/Narayana Health/CANARA,Health & Fitness
AUTO DEBIT NPS SBI,Investment
Airbnb ONLINE PAYMENT,Travel
UPI/OYO Rooms/PNB,Travel
UPI/CrossFit/KOTAK,Health & Fitness
UPI/Swiggy/FEDERAL,Food & Drink
AUTO DEBIT Swiggy One,Food & Drink
POS Himalaya Store AHMEDABAD,Health & Fitness
POS Marriott INDORE,Travel
UPI/Studio Rent/HDFC,Rent
POS Parking Fee GURGAON,Travel
POS Zara JAIPUR,Shopping
UPI/Tech Mahindra/YES,Salary
POS Saravana Bhavan MUMBAI,Food & Drink
POS Uniqlo HYDERABAD,Shopping
POS INOX Movies KOLKATA,Entertainment
UPI/Practo/BOB,Health & Fitness
AUTO DEBIT Dish TV,Utilities
UPI/PPF Contribution/KOTAK,Investment
UPI/PG Rent/FEDERAL,Rent
UPI/Hostel Rent/HDFC,Rent
POS IndianOil Petrol Pump DELHI,Travel
UPI/Society Maintenance/SBI,Utilities
UPI/BPCL Fuel/SBI,Travel
UPI/Airtel Recharge/BOB,Utilities
UPI/Water Bill/ICICI,Utilities
POS Big Bazaar DELHI,Shopping
POS Taj Hotels AHMEDABAD,Travel
UPI/Hostel Rent/KOTAK,Rent
UPI/LIC Premium/BOB,Investment
POS KFC SURAT,Food & Drink
UPI/Maintenance Charge/HDFC,Rent
POS Adidas BHOPAL,Shopping
POS Haldirams INDORE,Food & Drink
UPI/LIC Premium/YES,Investment
UPI/Rapido Bike/YES,Travel
1mg ONLINE PAYMENT,Health & Fitness
Unacademy ONLINE PAYMENT,Salary
UPI/Upstox/AXIS,Investment
UPI/HPCL Petrol Pump/KOTAK,Travel
UPI/Water Bill/SBI,Utilities
UPI/Dunzo/BOB,Food & Drink
POS Medplus CHENNAI,Health & Fitness
AUTO DEBIT Home Loan EMI HDFC,Rent
POS Myntra LUCKNOW,Shopping
POS Adidas SURAT,Shopping
POS Cult Fit BENGALURU,Health & Fitness
UPI/LPG Cylinder HP/KOTAK,Utilities
POS Spencer's SURAT,Shopping
UPI/Accenture/KOTAK,Salary
UPI/Fixed Deposit/FEDERAL,Investment
UPI/Fitness First/ICICI,Health & Fitness
POS Bowling Alley JAIPUR,Entertainment
CESC Electricity ONLINE PAYMENT,Utilities
UPI/Co-living Rent/HDFC,Rent
UPI/ixigo/BOB,Travel
UPI/TPDDL Bill/KOTAK,Utilities
UPI/ChaatWala/ICICI,Food & Drink
AUTO DEBIT Jio Fiber,Utilities
Yatra ONLINE PAYMENT,Travel
AUTO DEBIT Health Insurance Premium,Health & Fitness
POS Barbeque Nation BENGALURU,Food & Drink
UPI/Ajio/ICICI,Shopping
POS Adidas AHMEDABAD,Shopping
POS Fortis Hospital BENGALURU,Health & Fitness
POS Nykaa DELHI,Shopping
UPI/BSES Bill/HDFC,Utilities
POS Subway GURGAON,Food & Drink
POS Third Wave Coffee DELHI,Food & Drink
NestAway ONLINE PAYMENT,Rent
UPI/IGL Gas Bill/BOB,Utilities
Razorpay ONLINE PAYMENT,Salary
UPI/IGL Gas Bill/PNB,Utilities
UPI/Goibibo/ICICI,Travel
POS Apollo Pharmacy HYDERABAD,Health & Fitness
POS PVR Cinemas NOIDA,Entertainment
UPI/Piped Gas MGL/SBI,Utilities
UPI/ixigo/AXIS,Travel
POS Uniqlo MUMBAI,Shopping
UPI/Netflix/HDFC,Entertainment
POS Himalaya Store SURAT,Health & Fitness
POS Thyrocare LUCKNOW,Health & Fitness
Boat Lifestyle ONLINE PAYMENT,Shopping
POS Parking Fee BENGALURU,Travel
UPI/ixigo/SBI,Travel
POS Naturals Ice Cream BHOPAL,Food & Drink
AbhiBus ONLINE PAYMENT,Travel
POS Star Bazaar LUCKNOW,Shopping
POS Manipal Hospital GURGAON,Health & Fitness
NACH LIC Premium,Investment
UPI/Tech Mahindra/FEDERAL,Salary
UPI/Accenture/CANARA,Salary
POS Pizza Hut NOIDA,Food & Drink
UPI/Airtel Xstream Fiber/YES,Utilities
UPI/TPDDL Bill/PNB,Utilities
UPI/Society Maintenance/BOB,Utilities
UPI/BookMyShow/ICICI,Entertainment
UPI/Studio Rent/SBI,Rent
UPI/PVR Cinemas/KOTAK,Entertainment
UPI/Fixed Deposit/BOB,Investment
POS Apartment Maintenance BENGALURU,Rent
UPI/Paytm Money SIP/PNB,Investment
UPI/BookMyShow/BOB,Entertainment
UPI/PPF Contribution/SBI,Investment
UPI/ChaatWala/PNB,Food & Drink
UPI/Studio Rent/AXIS,Rent
UPI/Accenture/ICICI,Salary
UPI/Gas Bill/FEDERAL,Utilities
POS More Supermarket HYDERABAD,Shopping
POS Fortis Hospital HYDERABAD,Health & Fitness
UPI/Yoga Class/YES,Health & Fitness
UPI/Moj Premium/PNB,Entertainment
UPI/Fitness First/KOTAK,Health & Fitness
UPI/Stanza Living/CANARA,Rent
UPI/FastTag Toll/AXIS,Travel
POS Netmeds MUMBAI,Health & Fitness
POS IndianOil Petrol Pump NOIDA,Travel
POS Zara GURGAON,Shopping
Mamaearth ONLINE PAYMENT,Shopping
POS Spencer's PUNE,Shopping
POS Subway NOIDA,Food & Drink
UPI/Hotstar/BOB,Entertainment
UPI/Maintenance Charge/YES,Rent
POS Paradise Biryani DELHI,Food & Drink
UPI/Lenskart/CANARA,Entertainment
POS Manipal Hospital LUCKNOW,Health & Fitness
UPI/Narayana Health/YES,Health & Fitness
UPI/Nykaa/YES,Shopping
UPI/Kuvera MF/AXIS,Investment
UPI/EaseMyTrip/BOB,Travel
POS Mutual Fund SIP JAIPUR,Investment
UPI/Kuvera MF/ICICI,Investment
POS PVR Cinemas HYDERABAD,Entertainment
UPI/Myntra/BOB,Shopping
Anytime Fitness ONLINE PAYMENT,Health & Fitness
UPI/Studio Rent/PNB,Rent
POS Lifestyle GURGAON,Shopping
UPI/PVR Cinemas/ICICI,Entertainment
POS Pizza Hut DELHI,Food & Drink
UPI/BSNL Recharge/PNB,Utilities
POS Cafe Coffee Day KOLKATA,Food & Drink
NEFT - Rent Feb,Rent
POS Netmeds PUNE,Health & Fitness
Hathway Broadband ONLINE PAYMENT,Utilities
UPI/Diagnostic Lab/ICICI,Health & Fitness
AUTO DEBIT Spotify Premium,Entertainment
UPI/Fixed Deposit/CANARA,Investment
UPI/LPG Cylinder HP/HDFC,Utilities
UPI/Nykaa/ICICI,Shopping
UPI/Amazon/SBI,Shopping
POS Wow Momo BENGALURU,Food & Drink
UPI/Zomato/SBI,Food & Drink
UPI/D-Mart/KOTAK,Shopping
UPI/Mutual Fund SIP/AXIS,Investment
UPI/Bharat Gas/BOB,Utilities
UPI/Tech Mahindra/BOB,Salary
POS Netmeds SURAT,Health & Fitness
UPI/Paytm Money SIP/KOTAK,Investment
UPI/Gold's Gym/KOTAK,Health & Fitness
POS Myntra HYDERABAD,Shopping
UPI/Maintenance Charge/PNB,Rent
UPI/Fixed Deposit/YES,Investment
POS More Supermarket BHOPAL,Shopping
POS Third Wave Coffee HYDERABAD,Food & Drink
UPI/Hotstar/HDFC,Entertainment
UPI/Hotstar/CANARA,Entertainment
POS Manipal Hospital MUMBAI,Health & Fitness
UPI/Flat Rent/PNB,Rent
POS KFC PUNE,Food & Drink
POS Burger King KOLKATA,Food & Drink
POS Adidas CHENNAI,Shopping
IMPS/Rent Payment/SBI,Rent
POS Timezone Games NOIDA,Entertainment
POS Dominos Pizza JAIPUR,Food & Drink
POS Manipal Hospital NOIDA,Health & Fitness
POS Honest Restaurant AHMEDABAD,Food & Drink
UPI/Water Bill/BOB,Utilities
UPI/D-Mart/PNB,Shopping
Cleartrip ONLINE PAYMENT,Travel
UPI/Diagnostic Lab/BOB,Health & Fitness
POS Manipal Hospital AHMEDABAD,Health & Fitness
POS Marriott NOIDA,Travel
UPI/Flat Rent/YES,Rent
UPI/Co-living Rent/FEDERAL,Rent
POS PVR Cinemas KOLKATA,Entertainment
UPI/FastTag Toll/ICICI,Travel
POS Apartment Maintenance CHENNAI,Rent
UPI/Gold's Gym/FEDERAL,Health & Fitness
POS Chai Point BHOPAL,Food & Drink
UPI/Hostel Rent/BOB,Rent
POS Decathlon HYDERABAD,Shopping
POS BookMyShow PUNE,Entertainment
POS Taj Hotels PUNE,Travel
POS Flipkart AHMEDABAD,Shopping
UPI/FastTag Toll/KOTAK,Travel
UPI/TPDDL Bill/HDFC,Utilities
NACH FD Renewal,Investment
UPI/NestAway Rent/BOB,Rent
UPI/Vi Recharge/SBI,Utilities
UPI/Mutual Fund SIP/FEDERAL,Investment
UPI/Moj Premium/ICICI,Entertainment
UPI/Moj Premium/AXIS,Entertainment
UPI/Vi Recharge/HDFC,Utilities
UPI/ChaatWala/YES,Food & Drink
AUTO DEBIT Disney+ Hotstar,Entertainment
POS Max Hospital SURAT,Health & Fitness
UPI/NestAway Rent/PNB,Rent
POS Adidas PUNE,Shopping
POS Escape Room SURAT,Entertainment
UPI/Society Fee/HDFC,Rent
UPI/Canteen/HDFC,Food & Drink
POS Haldirams GURGAON,Food & Drink
UPI/Fitness First/HDFC,Health & Fitness
POS Apple Store HYDERABAD,Shopping
UPI/PharmEasy/YES,Health & Fitness
POS Barbeque Nation BHOPAL,Food & Drink
POS Cafe Coffee Day AHMEDABAD,Food & Drink
UPI/Airtel Xstream Fiber/CANARA,Utilities
UPI/Narayana Health/PNB,Health & Fitness
POS Reliance Digital SURAT,Shopping
POS Timezone Games INDORE,Entertainment
POS Fortis Hospital INDORE,Health & Fitness
UPI/Flat Rent/AXIS,Rent
AUTO DEBIT Home Loan EMI SBI,Rent
UPI/RedBus/SBI,Travel
UPI/Zostel/YES,Travel
UPI/Diagnostic Lab/YES,Health & Fitness
UPI/BPCL Fuel/KOTAK,Travel
POS Fortis Hospital JAIPUR,Health & Fitness
UPI/MSEDCL Bill/YES,Utilities
UPI/Housing Society/SBI,Rent
UPI/Lenskart/BOB,Entertainment
POS Nike DELHI,Shopping
UPI/BESCOM Bill/HDFC,Utilities
UPI/Canteen/YES,Food & Drink
UPI/House Rent/YES,Rent
UPI/Dunzo/FEDERAL,Food & Drink
UPI/Hotstar/KOTAK,Entertainment
POS Max Hospital INDORE,Health & Fitness
NEFT Salary Dec,Salary
UPI/MSEDCL Bill/AXIS,Utilities
EaseMyTrip ONLINE PAYMENT,Travel
POS Naturals Ice Cream LUCKNOW,Food & Drink
UPI/Gas Bill/CANARA,Utilities
UPI/Hostel Rent/PNB,Rent
POS Fassos LUCKNOW,Food & Drink
POS Zara CHENNAI,Shopping
UPI/Narayana Health/ICICI,Health & Fitness
UPI/Security Deposit/SBI,Rent
POS Nike BENGALURU,Shopping
UPI/Yoga Class/KOTAK,Health & Fitness
UPI/D-Mart/BOB,Shopping
UPI/YouTube Premium/ICICI,Entertainment
UPI/FastTag Toll/SBI,Travel
POS Myntra GURGAON,Shopping
UPI/BSNL Recharge/SBI,Utilities
UPI/Practo/YES,Health & Fitness
UPI/Hotstar/ICICI,Entertainment
UPI/Apartment Rent/ICICI,Rent
POS Netmeds KOLKATA,Health & Fitness
POS Keventers HYDERABAD,Food & Drink
POS Vijay Sales KOLKATA,Shopping
POS H&M NOIDA,Shopping
UPI/Path Lab/YES,Health & Fitness
UPI/Fitness First/AXIS,Health & Fitness
POS Marriott AHMEDABAD,Travel
POS H&M JAIPUR,Shopping
UPI/Groww/CANARA,Investment
POS D-Mart BHOPAL,Shopping
POS Timezone Games CHENNAI,Entertainment
UPI/Canteen/KOTAK,Food & Drink
UPI/Co-living Rent/YES,Rent
POS Keventers INDORE,Food & Drink
POS Cafe Coffee Day BHOPAL,Food & Drink
OYO ONLINE PAYMENT,Travel
UPI/Zerodha/FEDERAL,Investment
POS Bowling Alley HYDERABAD,Entertainment
POS Uniqlo DELHI,Shopping
IMPS/Rent Payment/AXIS,Rent
UPI/Flat Rent/HDFC,Rent
POS Shoppers Stop BHOPAL,Shopping
UPI/Studio Rent/KOTAK,Rent
POS More Supermarket NOIDA,Shopping
POS Apollo Hospital GURGAON,Health & Fitness
UPI/Practo/SBI,Health & Fitness
NEFT - Rent Nov,Rent
POS Big Bazaar GURGAON,Shopping
SALARY CREDIT MAR 2026,Salary
SALARY CREDIT APR 2026,Salary
POS Shoppers Stop AHMEDABAD,Shopping
POS Zara BHOPAL,Shopping
UPI/Fitness First/YES,Health & Fitness
UPI/Airtel Recharge/AXIS,Utilities
POS Lifestyle DELHI,Shopping
POS D-Mart AHMEDABAD,Shopping
POS Third Wave Coffee GURGAON,Food & Drink
POS MTR Restaurant PUNE,Food & Drink
POS Behrouz Biryani NOIDA,Food & Drink
POS Max Hospital KOLKATA,Health & Fitness
NEFT Salary Feb,Salary
POS Burger King JAIPUR,Food & Drink
UPI/ixigo/YES,Travel
UPI/BSES Bill/SBI,Utilities
UPI/House Rent/SBI,Rent
UPI/Swiggy/AXIS,Food & Drink
POS Bowling Alley CHENNAI,Entertainment
POS Haldirams BENGALURU,Food & Drink
UPI/House Rent/BOB,Rent
UPI/Electricity Board/HDFC,Utilities
POS IndianOil Petrol Pump AHMEDABAD,Travel
UPI/Navi MF/BOB,Investment
UPI/Studio Rent/FEDERAL,Rent
UPI/IGL Gas Bill/YES,Utilities
UPI/Canteen/FEDERAL,Food & Drink
UPI/Kuvera MF/KOTAK,Investment
POS Chaayos LUCKNOW,Food & Drink
POS Lifestyle LUCKNOW,Shopping
UPI/Moj Premium/BOB,Entertainment
POS Zara PUNE,Shopping
POS Medplus PUNE,Health & Fitness
UPI/YouTube Premium/YES,Entertainment
POS Burger King PUNE,Food & Drink
POS Paradise Biryani BHOPAL,Food & Drink
POS Burger King GURGAON,Food & Drink
POS Manipal Hospital BHOPAL,Health & Fitness
UPI/Fitness First/CANARA,Health & Fitness
UPI/Gas Bill/AXIS,Utilities
UPI/Airtel Xstream Fiber/PNB,Utilities
POS Apple Store DELHI,Shopping
UPI/FoodStall/CANARA,Food & Drink
UPI/Security Deposit/BOB,Rent
POS Reliance Trends JAIPUR,Shopping
UPI/Bharat Gas/KOTAK,Utilities
POS MTR Restaurant GURGAON,Food & Drink
POS Zara INDORE,Shopping
POS Haldirams SURAT,Food & Drink
UPI/Snapdeal/YES,Shopping
POS IndianOil Petrol Pump BENGALURU,Travel
UPI/Kuvera MF/YES,Investment
UPI/Upstox/HDFC,Investment
POS Chaayos DELHI,Food & Drink
UPI/Goibibo/AXIS,Travel
POS Apollo Pharmacy BHOPAL,Health & Fitness
UPI/Dunzo/CANARA,Food & Drink
POS Fortis Hospital GURGAON,Health & Fitness
UPI/House Rent/PNB,Rent
POS Manipal Hospital DELHI,Health & Fitness
UPI/Myntra/KOTAK,Shopping
POS Cult Fit KOLKATA,Health & Fitness
UPI/Fixed Deposit/HDFC,Investment
POS Apartment Maintenance NOIDA,Rent
UPI/Electricity Board/ICICI,Utilities
UPI/MFine/SBI,Health & Fitness
UPI/MFine/KOTAK,Health & Fitness
POS More Supermarket BENGALURU,Shopping
POS Dominos Pizza DELHI,Food & Drink
POS Apollo Hospital CHENNAI,Health & Fitness
POS Haldirams DELHI,Food & Drink
POS Burger King CHENNAI,Food & Drink
POS BookMyShow NOIDA,Entertainment
POS Vijay Sales BENGALURU,Shopping
UPI/IRCTC/CANARA,Travel
UPI/Swiggy/YES,Food & Drink
POS Big Bazaar MUMBAI,Shopping
POS Barbeque Nation LUCKNOW,Food & Drink
UPI/Co-living Rent/SBI,Rent
UPI/Netflix/KOTAK,Entertainment
UPI/Hotstar/YES,Entertainment
POS Mutual Fund SIP NOIDA,Investment
POS Shoppers Stop GURGAON,Shopping
POS Fortis Hospital NOIDA,Health & Fitness
UPI/MSEDCL Bill/KOTAK,Utilities
POS Shoppers Stop SURAT,Shopping
POS Westside INDORE,Shopping
POS Wow Momo JAIPUR,Food & Drink
POS Saravana Bhavan BENGALURU,Food & Drink
UPI/BPCL Fuel/CANARA,Travel
UPI/Path Lab/SBI,Health & Fitness
UPI/OYO Life Rent/PNB,Rent
UPI/Indane Gas/PNB,Utilities
UPI/RedBus/KOTAK,Travel
UPI/Gold's Gym/AXIS,Health & Fitness
UPI/Fixed Deposit/ICICI,Investment
POS MTR Restaurant NOIDA,Food & Drink
UPI/Angel Broking/PNB,Investment
UPI/Moj Premium/SBI,Entertainment
UPI/Snapdeal/SBI,Shopping
UPI/MFine/HDFC,Health & Fitness
UPI/Zostel/AXIS,Travel
POS PVR Cinemas LUCKNOW,Entertainment
POS Decathlon PUNE,Shopping
UPI/Piped Gas MGL/KOTAK,Utilities
UPI/OYO Life Rent/HDFC,Rent
POS Naturals Ice Cream AHMEDABAD,Food & Drink
UPI/Fitness First/SBI,Health & Fitness
UPI/Tech Mahindra/AXIS,Salary
POS Keventers BHOPAL,Food & Drink
UPI/BESCOM Bill/PNB,Utilities
UPI/Netflix/PNB,Entertainment
UPI/Electricity Board/FEDERAL,Utilities
POS H&M LUCKNOW,Shopping
POS INOX Movies JAIPUR,Entertainment
UPI/Path Lab/AXIS,Health & Fitness
UPI/OYO Rooms/BOB,Travel
POS Marriott MUMBAI,Travel
UPI/Rapido Bike/BOB,Travel
POS Shoppers Stop CHENNAI,Shopping
UPI/Housing Society/PNB,Rent
UPI/Stanza Living/YES,Rent
UPI/NestAway Rent/ICICI,Rent
POS Manipal Hospital HYDERABAD,Health & Fitness
UPI/FoodStall/AXIS,Food & Drink
POS Reliance Trends HYDERABAD,Shopping
IMPS/Rent Payment/KOTAK,Rent
POS Marriott CHENNAI,Travel
UPI/Housing Society/ICICI,Rent
POS McDonald's JAIPUR,Food & Drink
POS Croma DELHI,Shopping
UPI/Stanza Living/HDFC,Rent
POS Uniqlo INDORE,Shopping
POS Subway JAIPUR,Food & Drink
POS Croma AHMEDABAD,Shopping
UPI/Moj Premium/YES,Entertainment
POS McDonald's BENGALURU,Food & Drink
UPI/Navi MF/YES,Investment
POS Chai Point AHMEDABAD,Food & Drink
POS Haldirams MUMBAI,Food & Drink
UPI/Water Bill/FEDERAL,Utilities
POS Subway BHOPAL,Food & Drink
POS Mutual Fund SIP HYDERABAD,Investment
UPI/IGL Gas Bill/FEDERAL,Utilities
POS Uniqlo JAIPUR,Shopping
POS More Supermarket AHMEDABAD,Shopping
UPI/Swiggy/CANARA,Food & Drink
UPI/Ludo King Premium/ICICI,Entertainment
POS Medplus DELHI,Health & Fitness
POS Honest Restaurant BENGALURU,Food & Drink
UPI/ChaatWala/AXIS,Food & Drink
POS Paradise Biryani HYDERABAD,Food & Drink
POS IndianOil Petrol Pump LUCKNOW,Travel
POS Nykaa KOLKATA,Shopping
UPI/Doctor Consultation/FEDERAL,Health & Fitness
POS Apartment Maintenance BHOPAL,Rent
UPI/Paytm Money SIP/AXIS,Investment
UPI/Navi MF/SBI,Investment
IMPS/Rent Payment/CANARA,Rent
UPI/Indane Gas/BOB,Utilities
UPI/BESCOM Bill/YES,Utilities
UPI/BSES Bill/PNB,Utilities
UPI/MakeMyTrip/PNB,Travel
POS Cult Fit JAIPUR,Health & Fitness
POS Saravana Bhavan AHMEDABAD,Food & Drink
POS Wow Momo GURGAON,Food & Drink
POS MTR Restaurant BENGALURU,Food & Drink
UPI/PPF Contribution/BOB,Investment
POS Chaayos INDORE,Food & Drink
UPI/Steam Games/HDFC,Entertainment
UPI/Gas Bill/HDFC,Utilities
POS Apartment Maintenance LUCKNOW,Rent
UPI/BookMyShow/PNB,Entertainment
POS IndianOil Petrol Pump PUNE,Travel
POS Honest Restaurant INDORE,Food & Drink
UPI/Airtel Recharge/CANARA,Utilities
UPI/Steam Games/ICICI,Entertainment
POS Cult Fit INDORE,Health & Fitness
UPI/Nykaa/HDFC,Shopping
POS Cafe Coffee Day INDORE,Food & Drink
UPI/Ludo King Premium/HDFC,Entertainment
POS Escape Room PUNE,Entertainment
UPI/Rapido Bike/FEDERAL,Travel
UPI/Apartment Rent/FEDERAL,Rent
UPI/NestAway Rent/CANARA,Rent
UPI/Hotstar/AXIS,Entertainment
POS Amazon PUNE,Shopping
UPI/Stanza Living/AXIS,Rent
POS Star Bazaar PUNE,Shopping
POS Pizza Hut PUNE,Food & Drink
POS Big Bazaar KOLKATA,Shopping
POS Himalaya Store PUNE,Health & Fitness
SALARY CREDIT JUN 2026,Salary
NEFT - Rent Dec,Rent
POS Zara SURAT,Shopping
UPI/Nykaa/SBI,Shopping
UPI/Security Deposit/KOTAK,Rent
UPI/Security Deposit/ICICI,Rent
UPI/Dunzo/KOTAK,Food & Drink
UPI/D-Mart/SBI,Shopping
UPI/Nykaa/BOB,Shopping
UPI/Bharat Gas/FEDERAL,Utilities
UPI/Diagnostic Lab/CANARA,Health & Fitness
UPI/Gas Bill/PNB,Utilities
UPI/Myntra/SBI,Shopping
IMPS/Rent Payment/FEDERAL,Rent
POS Haldirams AHMEDABAD,Food & Drink
POS Thyrocare JAIPUR,Health & Fitness
POS Himalaya Store MUMBAI,Health & Fitness
POS IndianOil Petrol Pump INDORE,Travel
UPI/Swiggy/BOB,Food & Drink
POS Netmeds AHMEDABAD,Health & Fitness
POS Star Bazaar NOIDA,Shopping
POS Chai Point HYDERABAD,Food & Drink
UPI/Rapido Bike/AXIS,Travel
UPI/Maintenance Charge/FEDERAL,Rent
UPI/Mutual Fund SIP/ICICI,Investment
POS Starbucks HYDERABAD,Food & Drink
UPI/Vi Recharge/BOB,Utilities
POS Subway INDORE,Food & Drink
UPI/BPCL Fuel/YES,Travel
POS Behrouz Biryani DELHI,Food & Drink
POS Amazon INDORE,Shopping
UPI/Amazon/CANARA,Shopping
POS Apollo Hospital KOLKATA,Health & Fitness
UPI/LIC Premium/AXIS,Investment
POS Nykaa JAIPUR,Shopping
POS Amazon BHOPAL,Shopping
POS Starbucks AHMEDABAD,Food & Drink
POS Starbucks INDORE,Food & Drink
POS Saravana Bhavan BHOPAL,Food & Drink
UPI/Society Fee/SBI,Rent
UPI/Piped Gas MGL/PNB,Utilities
UPI/Housing Society/FEDERAL,Rent
POS Himalaya Store GURGAON,Health & Fitness
AUTO DEBIT MX Player Pro,Entertainment
UPI/RedBus/ICICI,Travel
POS Star Bazaar MUMBAI,Shopping
UPI/D-Mart/YES,Shopping
UPI/Ludo King Premium/FEDERAL,Entertainment
POS Haldirams LUCKNOW,Food & Drink
UPI/CrossFit/SBI,Health & Fitness
POS MTR Restaurant DELHI,Food & Drink
UPI/IGL Gas Bill/AXIS,Utilities
UPI/LPG Cylinder HP/SBI,Utilities
POS Parking Fee HYDERABAD,Travel
UPI/NestAway Rent/YES,Rent
UPI/Practo/KOTAK,Health & Fitness
POS Pizza Hut JAIPUR,Food & Drink
UPI/Groww/ICICI,Investment
UPI/OYO Life Rent/AXIS,Rent
POS Big Bazaar SURAT,Shopping
POS Reliance Digital HYDERABAD,Shopping
POS Zara LUCKNOW,Shopping
UPI/Co-living Rent/ICICI,Rent
IMPS/Rent Payment/BOB,Rent
POS H&M CHENNAI,Shopping
UPI/IRCTC/FEDERAL,Travel
POS Mutual Fund SIP DELHI,Investment
UPI/ixigo/CANARA,Travel
POS INOX Movies DELHI,Entertainment
POS Starbucks KOLKATA,Food & Drink
UPI/Stanza Living/SBI,Rent
UPI/YouTube Premium/PNB,Entertainment
UPI/Fixed Deposit/KOTAK,Investment
UPI/Upstox/SBI,Investment
UPI/RedBus/BOB,Travel
POS Myntra SURAT,Shopping
POS Subway MUMBAI,Food & Drink
POS Thyrocare NOIDA,Health & Fitness
UPI/HPCL Petrol Pump/BOB,Travel
UPI/Co-living Rent/KOTAK,Rent
POS Apartment Maintenance KOLKATA,Rent
UPI/Security Deposit/PNB,Rent
POS INOX Movies PUNE,Entertainment
POS PVR Cinemas GURGAON,Entertainment
POS Mutual Fund SIP SURAT,Investment
UPI/Accenture/BOB,Salary
UPI/Practo/FEDERAL,Health & Fitness
POS Barbeque Nation NOIDA,Food & Drink
POS Honest Restaurant KOLKATA,Food & Drink
UPI/Moj Premium/FEDERAL,Entertainment
POS Behrouz Biryani BHOPAL,Food & Drink
UPI/PG Rent/HDFC,Rent
UPI/Piped Gas MGL/AXIS,Utilities
POS Burger King NOIDA,Food & Drink
UPI/Hostel Rent/FEDERAL,Rent
UPI/Amazon/FEDERAL,Shopping
POS Amazon DELHI,Shopping
UPI/BPCL Fuel/FEDERAL,Travel
POS H&M HYDERABAD,Shopping
POS D-Mart JAIPUR,Shopping
UPI/LIC Premium/FEDERAL,Investment
POS Nykaa INDORE,Shopping
UPI/MSEDCL Bill/FEDERAL,Utilities
POS Big Bazaar CHENNAI,Shopping
POS Himalaya Store BENGALURU,Health & Fitness
POS Uniqlo CHENNAI,Shopping
UPI/Angel Broking/FEDERAL,Investment
POS Vijay Sales SURAT,Shopping
POS BookMyShow BHOPAL,Entertainment
POS Manipal Hospital CHENNAI,Health & Fitness
SALARY CREDIT MAY 2026,Salary
UPI/Tech Mahindra/PNB,Salary
UPI/Jio Recharge/FEDERAL,Utilities
POS Apollo Hospital MUMBAI,Health & Fitness
POS Bowling Alley BHOPAL,Entertainment
POS Chai Point DELHI,Food & Drink
POS Lifestyle JAIPUR,Shopping
POS Cult Fit CHENNAI,Health & Fitness
UPI/Steam Games/SBI,Entertainment
UPI/BookMyShow/CANARA,Entertainment
POS Croma LUCKNOW,Shopping
UPI/Flipkart/BOB,Shopping
UPI/Apartment Rent/HDFC,Rent
UPI/OYO Life Rent/BOB,Rent
POS Chai Point NOIDA,Food & Drink
POS Flipkart SURAT,Shopping
UPI/Tech Mahindra/CANARA,Salary
POS Honest Restaurant HYDERABAD,Food & Drink
UPI/EaseMyTrip/SBI,Travel
UPI/Yoga Class/SBI,Health & Fitness
POS Wow Momo HYDERABAD,Food & Drink
UPI/Navi MF/FEDERAL,Investment
UPI/MFine/PNB,Health & Fitness
POS Shoppers Stop KOLKATA,Shopping
UPI/Co-living Rent/CANARA,Rent
UPI/Snapdeal/HDFC,Shopping
UPI/ChaatWala/CANARA,Food & Drink
POS Naturals Ice Cream PUNE,Food & Drink
UPI/Canteen/PNB,Food & Drink
